{
    "elapsed_time": 201.5961991570075,
    "num_requests": 1000,
    "total_num_tokens": 1248330,
    "requests_per_second": 4.960410980869626,
    "tokens_per_second": 6192.229839748979
}