{
    "avg_latency": 0.3011333751026541,
    "latencies": [
        0.3020963480230421,
        0.299623548053205,
        0.3009679690003395,
        0.303556444006972,
        0.3041330659762025,
        0.30125851498451084,
        0.30112775799352676,
        0.2997704879962839,
        0.2993298179935664,
        0.299469796998892
    ],
    "percentiles": {
        "10": 0.2994557990983594,
        "25": 0.29966028303897474,
        "50": 0.30104786349693313,
        "75": 0.30188688976340927,
        "90": 0.30361410620389506,
        "99": 0.3040811699989717
    }
}