{
    "avg_latency": 0.5728607200027909,
    "latencies": [
        0.5745272749918513,
        0.5743162580183707,
        0.5747885950258933,
        0.5729912859969772,
        0.5732888710335828,
        0.5712886760011315,
        0.5717503589694388,
        0.5708540469640866,
        0.5727067189873196,
        0.5720951140392572
    ],
    "percentiles": {
        "10": 0.571245213097427,
        "25": 0.5718365477368934,
        "50": 0.5728490024921484,
        "75": 0.5740594112721737,
        "90": 0.5745534069952555,
        "99": 0.5747650762228296
    }
}