{
    "avg_latency": 0.5761077840870712,
    "latencies": [
        0.5780868690344505,
        0.577980428992305,
        0.575082040973939,
        0.5763171390281059,
        0.5753291709697805,
        0.5790177409653552,
        0.5739985209656879,
        0.5758390930132009,
        0.5753672769642435,
        0.5740595599636436
    ],
    "percentiles": {
        "10": 0.5740534560638479,
        "25": 0.5751438234728994,
        "50": 0.5756031849887222,
        "75": 0.5775646065012552,
        "90": 0.5781799562275409,
        "99": 0.5789339624915738
    }
}