{
    "avg_latency": 9.282611158903455,
    "latencies": [
        9.281003161042463,
        9.280800302978605,
        9.280872397997882,
        9.278283221006859,
        9.280866840970702,
        9.2795262390282,
        9.281569915008731,
        9.280961541982833,
        9.294927250011824,
        9.287300719006453
    ],
    "percentiles": {
        "10": 9.279401937226066,
        "25": 9.28081693747663,
        "50": 9.280916969990358,
        "75": 9.281428226517164,
        "90": 9.28806337210699,
        "99": 9.29424086222134
    }
}