{
    "avg_latency": 0.027431369107216597,
    "latencies": [
        0.02789309702347964,
        0.029512219014577568,
        0.03255418303888291,
        0.025138144032098353,
        0.026078680995851755,
        0.026687512989155948,
        0.025858092005364597,
        0.02642403997015208,
        0.025074539007619023,
        0.02909318299498409
    ],
    "percentiles": {
        "10": 0.02513178352965042,
        "25": 0.025913239252986386,
        "50": 0.026555776479654014,
        "75": 0.028793161502107978,
        "90": 0.0298164154170081,
        "99": 0.03228040627669543
    }
}