{
    "avg_latency": 0.08911082939011976,
    "latencies": [
        0.087688518979121,
        0.08877744799247012,
        0.09407398698385805,
        0.08745728305075318,
        0.08850503998110071,
        0.08766192896291614,
        0.08838219702010974,
        0.09074264898663387,
        0.08788084698608145,
        0.08993839495815337
    ],
    "percentiles": {
        "10": 0.08764146437169984,
        "25": 0.08773660098086111,
        "50": 0.08844361850060523,
        "75": 0.08964815821673255,
        "90": 0.09107578278635628,
        "99": 0.09377416656410788
    }
}