{
    "avg_latency": 2.2640741059090943,
    "latencies": [
        2.2670161650166847,
        2.2630036110058427,
        2.2644612910225987,
        2.2649903940036893,
        2.2634553349926136,
        2.2620798659627326,
        2.26266464299988,
        2.2635093470453285,
        2.262779795040842,
        2.26678061200073
    ],
    "percentiles": {
        "10": 2.262606165296165,
        "25": 2.2628357490320923,
        "50": 2.263482341018971,
        "75": 2.2648581182584167,
        "90": 2.2668041673023254,
        "99": 2.2669949652452486
    }
}