{
    "avg_latency": 0.16518879490322433,
    "latencies": [
        0.16883466200670227,
        0.16403089102823287,
        0.1643443300272338,
        0.1643125140108168,
        0.16538280597887933,
        0.16485359298530966,
        0.16427226300584152,
        0.16761898197000846,
        0.16435535700293258,
        0.16388255101628602
    ],
    "percentiles": {
        "10": 0.1640160570270382,
        "25": 0.16428232575708535,
        "50": 0.1643498435150832,
        "75": 0.16525050273048691,
        "90": 0.16774054997367785,
        "99": 0.16872525080339984
    }
}