{
    "avg_latency": 0.05168781561078504,
    "latencies": [
        0.05047215998638421,
        0.050250517029780895,
        0.055618480022531,
        0.05360516801010817,
        0.05172876000870019,
        0.05040900403400883,
        0.0506219039671123,
        0.05036486900644377,
        0.05183835403295234,
        0.05196894000982866
    ],
    "percentiles": {
        "10": 0.05035343380877748,
        "25": 0.050424793022102676,
        "50": 0.05117533198790625,
        "75": 0.05193629351560958,
        "90": 0.05380649921135045,
        "99": 0.055437281941412946
    }
}