{
    "avg_latency": 0.05393871739506721,
    "latencies": [
        0.05289756099227816,
        0.05293476697988808,
        0.053452441992703825,
        0.05459862697171047,
        0.053514956030994654,
        0.05310443096095696,
        0.05243148299632594,
        0.05204460403183475,
        0.057694529998116195,
        0.05671377299586311
    ],
    "percentiles": {
        "10": 0.05239279509987682,
        "25": 0.05290686248918064,
        "50": 0.05327843647683039,
        "75": 0.05432770923653152,
        "90": 0.05681184869608842,
        "99": 0.05760626186791342
    }
}