{
    "avg_latency": 0.024704369110986592,
    "latencies": [
        0.022567145992070436,
        0.021848561009392142,
        0.02179746504407376,
        0.027327460004016757,
        0.027820840012282133,
        0.023476968985050917,
        0.027537514979485422,
        0.027710724039934576,
        0.02360203501302749,
        0.02335497603053227
    ],
    "percentiles": {
        "10": 0.021843451412860305,
        "25": 0.022764103501685895,
        "50": 0.023539501999039203,
        "75": 0.027485001235618256,
        "90": 0.027721735637169332,
        "99": 0.027810929574770854
    }
}