{
    "avg_latency": 0.03413210130529478,
    "latencies": [
        0.03574596001999453,
        0.03603803599253297,
        0.03661485097836703,
        0.032849392970092595,
        0.03407081204932183,
        0.03358415502589196,
        0.03296576900174841,
        0.03348167100921273,
        0.032626761007122695,
        0.03334360499866307
    ],
    "percentiles": {
        "10": 0.03282712977379561,
        "25": 0.03306022800097708,
        "50": 0.033532913017552346,
        "75": 0.03532717302732635,
        "90": 0.036095717491116376,
        "99": 0.03656293762964197
    }
}