{
    "avg_latency": 0.09624509799177758,
    "latencies": [
        0.10123917396413162,
        0.09789878502488136,
        0.09579036897048354,
        0.09633494401350617,
        0.09613096894463524,
        0.09519686101702973,
        0.09703550400445238,
        0.09277179202763364,
        0.09363460395252332,
        0.09641797799849883
    ],
    "percentiles": {
        "10": 0.09354832276003436,
        "25": 0.09534523800539318,
        "50": 0.09623295647907071,
        "75": 0.09688112250296399,
        "90": 0.09823282391880639,
        "99": 0.1009385389595991
    }
}