{
    "avg_latency": 2.3180606180103496,
    "latencies": [
        2.3178749660146423,
        2.3175487460102886,
        2.3196625569835305,
        2.321433019998949,
        2.3188873039907776,
        2.3161615030257963,
        2.319178836012725,
        2.318077844043728,
        2.31600003602216,
        2.3157813680008985
    ],
    "percentiles": {
        "10": 2.315978169220034,
        "25": 2.3165083137719193,
        "50": 2.317976405029185,
        "75": 2.319105953007238,
        "90": 2.3198396032850725,
        "99": 2.3212736783275614
    }
}