{
    "avg_latency": 0.16020210139686242,
    "latencies": [
        0.16157448198646307,
        0.1585681819706224,
        0.16460940497927368,
        0.15957918600179255,
        0.15888323402032256,
        0.15979358699405566,
        0.1595573840313591,
        0.1598847439745441,
        0.15949794498737901,
        0.16007286502281204
    ],
    "percentiles": {
        "10": 0.15885172881535253,
        "25": 0.15951280474837404,
        "50": 0.1596863864979241,
        "75": 0.16002583476074506,
        "90": 0.16187797428574413,
        "99": 0.16433626190992073
    }
}