{
    "avg_latency": 4.53975460039801,
    "latencies": [
        4.546946075977758,
        4.535160717961844,
        4.5362015449791215,
        4.540762911026832,
        4.5401542609906755,
        4.54426074703224,
        4.536890595976729,
        4.540321801032405,
        4.540905233006924,
        4.535942115995567
    ],
    "percentiles": {
        "10": 4.535863976192195,
        "25": 4.536373807728523,
        "50": 4.54023803101154,
        "75": 4.540869652511901,
        "90": 4.544529279926792,
        "99": 4.546704396372661
    }
}