{
    "avg_latency": 0.0235481928975787,
    "latencies": [
        0.02111522405175492,
        0.025213507004082203,
        0.02390662004472688,
        0.0236967770033516,
        0.025981736951507628,
        0.022736519982572645,
        0.024799778999295086,
        0.02111122797941789,
        0.02049263200024143,
        0.026427904958836734
    ],
    "percentiles": {
        "10": 0.021049368381500243,
        "25": 0.021520548034459352,
        "50": 0.02380169852403924,
        "75": 0.025110075002885424,
        "90": 0.02602635375224054,
        "99": 0.026387749838177113
    }
}