{
    "avg_latency": 1.1451363830012269,
    "latencies": [
        1.1441303730243817,
        1.1478093289770186,
        1.1438566529541276,
        1.1460759839974344,
        1.149934598011896,
        1.1455017940024845,
        1.1431537700118497,
        1.1443296810030006,
        1.1452069240040146,
        1.1413647240260616
    ],
    "percentiles": {
        "10": 1.142974865413271,
        "25": 1.1439250829716912,
        "50": 1.1447683025035076,
        "75": 1.145932436498697,
        "90": 1.1480218558805064,
        "99": 1.149743323798757
    }
}