{
    "avg_latency": 0.2965183519932907,
    "latencies": [
        0.2950817960081622,
        0.30299391597509384,
        0.29792984802043065,
        0.29571979999309406,
        0.2970900110085495,
        0.2948436079896055,
        0.29500822600675747,
        0.29552562796743587,
        0.29576179198920727,
        0.2952288949745707
    ],
    "percentiles": {
        "10": 0.29499176420504225,
        "25": 0.29511857074976433,
        "50": 0.29562271398026496,
        "75": 0.29675795625371393,
        "90": 0.298436254815897,
        "99": 0.30253814985917415
    }
}