{
    "avg_latency": 0.16312588009168394,
    "latencies": [
        0.1618652640026994,
        0.16101283801253885,
        0.16107717400882393,
        0.1620991849922575,
        0.16093079594429582,
        0.17073877499205992,
        0.16294459998607635,
        0.1643781560123898,
        0.1644746299716644,
        0.1617373829940334
    ],
    "percentiles": {
        "10": 0.16100463380571456,
        "25": 0.1612422262551263,
        "50": 0.16198222449747846,
        "75": 0.16401976700581145,
        "90": 0.16510104447370394,
        "99": 0.1701750019402243
    }
}