{
    "avg_latency": 0.30858641110826285,
    "latencies": [
        0.30819386400980875,
        0.30990823003230616,
        0.3088810330373235,
        0.30793841200647876,
        0.30718786001671106,
        0.30678780999733135,
        0.30857815098715946,
        0.3096783760120161,
        0.309523353993427,
        0.30918702099006623
    ],
    "percentiles": {
        "10": 0.3071478550147731,
        "25": 0.30800227500731125,
        "50": 0.3087295920122415,
        "75": 0.3094392707425868,
        "90": 0.3097013614140451,
        "99": 0.30988754317048006
    }
}