{
    "avg_latency": 0.035989529109792785,
    "latencies": [
        0.03955093602417037,
        0.034975328017026186,
        0.037065205979160964,
        0.03500702598830685,
        0.035937257984187454,
        0.03786353103350848,
        0.03530426003271714,
        0.03430436400230974,
        0.034855509002227336,
        0.03503187303431332
    ],
    "percentiles": {
        "10": 0.03480039450223558,
        "25": 0.03498325250984635,
        "50": 0.03516806653351523,
        "75": 0.03678321898041759,
        "90": 0.03803227153257467,
        "99": 0.0393990695750108
    }
}