{
    "avg_latency": 0.09011011939728633,
    "latencies": [
        0.08821535902097821,
        0.09059646399691701,
        0.09005829697707668,
        0.09963208698900416,
        0.08885409502545372,
        0.08789832500042394,
        0.08851993503049016,
        0.0893776299781166,
        0.08857473795069382,
        0.08937426400370896
    ],
    "percentiles": {
        "10": 0.08818365561892279,
        "25": 0.08853363576054107,
        "50": 0.08911417951458134,
        "75": 0.08988813022733666,
        "90": 0.09150002629612572,
        "99": 0.09881888091971633
    }
}