{
    "avg_latency": 1.1317723873944487,
    "latencies": [
        1.1316548520117067,
        1.13405293202959,
        1.1349661279818974,
        1.1311532899853773,
        1.1329856729716994,
        1.1298491589841433,
        1.1305808029719628,
        1.130726843024604,
        1.1309839260065928,
        1.1307702679769136
    ],
    "percentiles": {
        "10": 1.130507638573181,
        "25": 1.1307376992626814,
        "50": 1.131068607995985,
        "75": 1.1326529677317012,
        "90": 1.1341442516248208,
        "99": 1.1348839403461897
    }
}