{
    "avg_latency": 0.056420275493292135,
    "latencies": [
        0.053084470971953124,
        0.05421019997447729,
        0.05544620502041653,
        0.06107051600702107,
        0.05555054999422282,
        0.059070641989819705,
        0.060986297961790115,
        0.05360702099278569,
        0.05369043396785855,
        0.05748641805257648
    ],
    "percentiles": {
        "10": 0.053554765990702434,
        "25": 0.05382037546951324,
        "50": 0.055498377507319674,
        "75": 0.0586745860055089,
        "90": 0.06099471976631321,
        "99": 0.06106293638295028
    }
}