{
    "avg_latency": 2.317857394105522,
    "latencies": [
        2.3179768469999544,
        2.317375830025412,
        2.3194885670091026,
        2.3162406029878184,
        2.3144440880278125,
        2.3156133239972405,
        2.320717262045946,
        2.317506130959373,
        2.3213243979844265,
        2.3178868910181336
    ],
    "percentiles": {
        "10": 2.315496400400298,
        "25": 2.316524409747217,
        "50": 2.3176965109887533,
        "75": 2.3191106370068155,
        "90": 2.320777975639794,
        "99": 2.321269755749963
    }
}