{
    "avg_latency": 0.3066671512904577,
    "latencies": [
        0.3086914169834927,
        0.30644983798265457,
        0.30570323299616575,
        0.3059849650016986,
        0.3052661899710074,
        0.3064078149618581,
        0.30767277599079534,
        0.3064301200211048,
        0.3058512840070762,
        0.30821387498872355
    ],
    "percentiles": {
        "10": 0.30565952869364993,
        "25": 0.3058847042557318,
        "50": 0.30641896749148145,
        "75": 0.30736704148876015,
        "90": 0.30826162918820044,
        "99": 0.3086484382039634
    }
}