{
    "avg_latency": 0.08876714790822007,
    "latencies": [
        0.08689678501104936,
        0.08866084099281579,
        0.09137399098835886,
        0.08834636001847684,
        0.08919090201379731,
        0.08990300603909418,
        0.08835517399711534,
        0.08681164804147556,
        0.08954310801345855,
        0.08858966396655887
    ],
    "percentiles": {
        "10": 0.08688827131409198,
        "25": 0.08834856351313647,
        "50": 0.08862525247968733,
        "75": 0.08945505651354324,
        "90": 0.09005010453402065,
        "99": 0.09124160234292504
    }
}