{
    "avg_latency": 0.16494330231216736,
    "latencies": [
        0.1666903169825673,
        0.16683482303051278,
        0.16699787799734622,
        0.16506758698960766,
        0.1655809850199148,
        0.16425121005158871,
        0.1632319790078327,
        0.16392025601817295,
        0.1637447050306946,
        0.16311328299343586
    ],
    "percentiles": {
        "10": 0.16322010940639303,
        "25": 0.1637885927775642,
        "50": 0.1646593985205982,
        "75": 0.16641298399190418,
        "90": 0.16685112852719614,
        "99": 0.1669832030503312
    }
}