{
    "avg_latency": 2.260853533190675,
    "latencies": [
        2.262115071003791,
        2.2613264999818057,
        2.2601473209797405,
        2.260937597951852,
        2.2589355520321988,
        2.261764333990868,
        2.259523361979518,
        2.2637175809941255,
        2.26011962199118,
        2.2599483910016716
    ],
    "percentiles": {
        "10": 2.259464580984786,
        "25": 2.2599911987490486,
        "50": 2.260542459465796,
        "75": 2.2616548754886026,
        "90": 2.262275322002824,
        "99": 2.2635733550949952
    }
}