{
    "avg_latency": 4.549208009807626,
    "latencies": [
        4.553695768001489,
        4.554252546979114,
        4.542638512037229,
        4.54168382199714,
        4.542545854987111,
        4.543199588020798,
        4.551676066999789,
        4.558151639008429,
        4.5471704750088975,
        4.557065825036261
    ],
    "percentiles": {
        "10": 4.542459651688114,
        "25": 4.542778781033121,
        "50": 4.549423271004343,
        "75": 4.554113352234708,
        "90": 4.557174406433478,
        "99": 4.558053915750934
    }
}