{
    "avg_latency": 9.284723921900149,
    "latencies": [
        9.289878402021714,
        9.294204097008333,
        9.28615716798231,
        9.28843783197226,
        9.282032962015364,
        9.275687568995636,
        9.280657674011309,
        9.27442124998197,
        9.298375475977082,
        9.277386789035518
    ],
    "percentiles": {
        "10": 9.27556093709427,
        "25": 9.278204510279465,
        "50": 9.284095064998837,
        "75": 9.28951825950935,
        "90": 9.294621234905208,
        "99": 9.298000051869895
    }
}