{
    "avg_latency": 0.5739330639014952,
    "latencies": [
        0.5842682929942384,
        0.5728604859905317,
        0.5747092880192213,
        0.5729493719991297,
        0.5727539699873887,
        0.5735727840219624,
        0.5733927169931121,
        0.5717192380107008,
        0.5716383690014482,
        0.5714661219972186
    ],
    "percentiles": {
        "10": 0.5716211443010252,
        "25": 0.5719779210048728,
        "50": 0.5729049289948307,
        "75": 0.5735277672647499,
        "90": 0.575665188516723,
        "99": 0.5834079825464868
    }
}