{
    "avg_latency": 0.16260190259781665,
    "latencies": [
        0.16115580103360116,
        0.16425339702982455,
        0.1666956259869039,
        0.16239404998486862,
        0.1625445449608378,
        0.1624347009928897,
        0.16090901097049937,
        0.16252114000963047,
        0.16215976001694798,
        0.16095099499216303
    ],
    "percentiles": {
        "10": 0.16094679658999667,
        "25": 0.16140679077943787,
        "50": 0.16241437548887916,
        "75": 0.16253869372303598,
        "90": 0.1644976199255325,
        "99": 0.16647582538076677
    }
}