{
    "avg_latency": 0.09357897879672236,
    "latencies": [
        0.0934269159915857,
        0.09344701701775193,
        0.09294534800574183,
        0.09762199502438307,
        0.09301734698237851,
        0.09303755598375574,
        0.09392003295943141,
        0.09265452501131222,
        0.09307782602263615,
        0.09264122496824712
    ],
    "percentiles": {
        "10": 0.09265319500700571,
        "25": 0.092963347749901,
        "50": 0.09305769100319594,
        "75": 0.09344199176121037,
        "90": 0.09429022916592658,
        "99": 0.09728881843853741
    }
}