{
    "avg_latency": 0.052252642600797115,
    "latencies": [
        0.052322590025141835,
        0.05154847301309928,
        0.05144115397706628,
        0.052184183965437114,
        0.051034036034252495,
        0.05061273800674826,
        0.05165102600585669,
        0.05382148799253628,
        0.05612500698771328,
        0.051785730000119656
    ],
    "percentiles": {
        "10": 0.05099190623150207,
        "25": 0.05146798373607453,
        "50": 0.051718378002988175,
        "75": 0.052287988510215655,
        "90": 0.05405183989205398,
        "99": 0.055917690278147344
    }
}