{
    "avg_latency": 0.57614016730804,
    "latencies": [
        0.5734673130209558,
        0.574414239032194,
        0.5757090940023772,
        0.575348807964474,
        0.5758868330158293,
        0.574006155016832,
        0.5743510029860772,
        0.5749681550078094,
        0.5757643670076504,
        0.5874857060262002
    ],
    "percentiles": {
        "10": 0.5739522708172444,
        "25": 0.5743668119976064,
        "50": 0.5751584814861417,
        "75": 0.5757505487563321,
        "90": 0.5770467203168664,
        "99": 0.5864418074552669
    }
}