{
    "avg_latency": 0.03555107940337621,
    "latencies": [
        0.0355717139900662,
        0.036476984969340265,
        0.03732668102020398,
        0.03500487899873406,
        0.0358074459945783,
        0.03488968702731654,
        0.03463357500731945,
        0.03409336897311732,
        0.03500418801559135,
        0.0367022700374946
    ],
    "percentiles": {
        "10": 0.03457955440389924,
        "25": 0.034918312274385244,
        "50": 0.03528829649440013,
        "75": 0.036309600225649774,
        "90": 0.036764711135765536,
        "99": 0.037270484031760136
    }
}