{
    "avg_latency": 0.025459748000139372,
    "latencies": [
        0.02502364997053519,
        0.025219650997314602,
        0.03025639697443694,
        0.02488460298627615,
        0.024883971025701612,
        0.0247376220067963,
        0.025265400006901473,
        0.025376125006005168,
        0.02442174102179706,
        0.02452832000562921
    ],
    "percentiles": {
        "10": 0.024517662107245996,
        "25": 0.02477420926152263,
        "50": 0.02495412647840567,
        "75": 0.025253962754504755,
        "90": 0.025864152202848344,
        "99": 0.02981717249727808
    }
}