{
    "avg_latency": 1.1355620358081069,
    "latencies": [
        1.134470200049691,
        1.1353751749848016,
        1.1340195460361429,
        1.1350728049874306,
        1.1372509520151652,
        1.13618688902352,
        1.1362567769829184,
        1.1348704400006682,
        1.1352775730192661,
        1.136840000981465
    ],
    "percentiles": {
        "10": 1.134425134648336,
        "25": 1.1349210312473588,
        "50": 1.1353263740020338,
        "75": 1.1362393049930688,
        "90": 1.136881096084835,
        "99": 1.1372139664221321
    }
}