{
    "avg_latency": 0.03578407519962638,
    "latencies": [
        0.038719562988262624,
        0.035009896964766085,
        0.03436227003112435,
        0.03696625697193667,
        0.04391481803031638,
        0.03336945903720334,
        0.03387969097821042,
        0.03347308200318366,
        0.03508596000028774,
        0.03305975499097258
    ],
    "percentiles": {
        "10": 0.033338488632580265,
        "25": 0.03357473424694035,
        "50": 0.03468608349794522,
        "75": 0.03649618272902444,
        "90": 0.039239088492467995,
        "99": 0.04344724507653155
    }
}