{
    "avg_latency": 0.16269238580716774,
    "latencies": [
        0.15941319603007287,
        0.16478043899405748,
        0.1592386370175518,
        0.1630940199829638,
        0.16368703596526757,
        0.16024289600318298,
        0.16694930801168084,
        0.16273864003596827,
        0.16234085703035817,
        0.1644388290005736
    ],
    "percentiles": {
        "10": 0.15939574012882077,
        "25": 0.16076738625997677,
        "50": 0.16291633000946604,
        "75": 0.1642508807417471,
        "90": 0.1649973258958198,
        "99": 0.16675410980009475
    }
}