{
    "avg_latency": 0.022323659696849064,
    "latencies": [
        0.021077124984003603,
        0.022308791987597942,
        0.02229222602909431,
        0.0239354069926776,
        0.021423311030957848,
        0.020459474006202072,
        0.021528369979932904,
        0.021949004963971674,
        0.026278670004103333,
        0.021984216989949346
    ],
    "percentiles": {
        "10": 0.02101535988622345,
        "25": 0.021449575768201612,
        "50": 0.02196661097696051,
        "75": 0.022304650497972034,
        "90": 0.024169733293820172,
        "99": 0.026067776333075016
    }
}