{
    "avg_latency": 0.2964534401020501,
    "latencies": [
        0.2980003940174356,
        0.295071531960275,
        0.29695298097794876,
        0.2964443920063786,
        0.2967877050396055,
        0.29600912297610193,
        0.29671320505440235,
        0.2949664570041932,
        0.2958629250060767,
        0.2977256869780831
    ],
    "percentiles": {
        "10": 0.29506102446466687,
        "25": 0.295899474498583,
        "50": 0.2965787985303905,
        "75": 0.29691166199336294,
        "90": 0.2977531576820184,
        "99": 0.2979756703838939
    }
}