{
    "avg_latency": 1.1435614962130785,
    "latencies": [
        1.1476483320002444,
        1.140833996993024,
        1.1404494340531528,
        1.1427445170120336,
        1.1435903750243597,
        1.144201701041311,
        1.1427483120351098,
        1.146156246017199,
        1.1441789059899747,
        1.143063141964376
    ],
    "percentiles": {
        "10": 1.1407955406990369,
        "25": 1.1427454657678027,
        "50": 1.1433267584943678,
        "75": 1.144196002278477,
        "90": 1.1463054546155036,
        "99": 1.1475140442617704
    }
}