{
    "avg_latency": 0.08914726970251649,
    "latencies": [
        0.09191032900707796,
        0.08809595601633191,
        0.08813627698691562,
        0.09002631803741679,
        0.08773100300459191,
        0.08905838296050206,
        0.09192688204348087,
        0.08803690900094807,
        0.08740132098319009,
        0.08914931898470968
    ],
    "percentiles": {
        "10": 0.08769803480245172,
        "25": 0.08805167075479403,
        "50": 0.08859732997370884,
        "75": 0.08980706827424001,
        "90": 0.09191198431071826,
        "99": 0.09192539227020462
    }
}