{
    "avg_latency": 0.022323432995472105,
    "latencies": [
        0.02472035400569439,
        0.023224530974403024,
        0.023673460993450135,
        0.022717236017342657,
        0.021668760979082435,
        0.022008108033332974,
        0.02145730599295348,
        0.021280532993841916,
        0.021223396994173527,
        0.021260642970446497
    ],
    "percentiles": {
        "10": 0.0212569183728192,
        "25": 0.021324726243619807,
        "50": 0.021838434506207705,
        "75": 0.023097707235137932,
        "90": 0.02377815029467456,
        "99": 0.024626133634592408
    }
}