{
    "avg_latency": 0.3027881082904059,
    "latencies": [
        0.3023214679560624,
        0.303355090029072,
        0.30055153695866466,
        0.30082737997872755,
        0.3083138230140321,
        0.3057211230043322,
        0.30646231200080365,
        0.30013739998685196,
        0.3003766289912164,
        0.2998143209842965
    ],
    "percentiles": {
        "10": 0.3001050920865964,
        "25": 0.3004203559830785,
        "50": 0.301574423967395,
        "75": 0.30512961476051714,
        "90": 0.3066474631021265,
        "99": 0.30814718702284155
    }
}