{
    "avg_latency": 5.003258865093812,
    "latencies": [
        5.003258865093812
    ],
    "percentiles": {
        "10": 5.003258865093812,
        "25": 5.003258865093812,
        "50": 5.003258865093812,
        "75": 5.003258865093812,
        "90": 5.003258865093812,
        "99": 5.003258865093812
    }
}