{
    "avg_latency": 4.914930489845574,
    "latencies": [
        4.914930489845574
    ],
    "percentiles": {
        "10": 4.914930489845574,
        "25": 4.914930489845574,
        "50": 4.914930489845574,
        "75": 4.914930489845574,
        "90": 4.914930489845574,
        "99": 4.914930489845574
    }
}