{
    "avg_latency": 10.160300015006214,
    "latencies": [
        10.160300015006214
    ],
    "percentiles": {
        "10": 10.160300015006214,
        "25": 10.160300015006214,
        "50": 10.160300015006214,
        "75": 10.160300015006214,
        "90": 10.160300015006214,
        "99": 10.160300015006214
    }
}