{
    "avg_latency": 0.33315260405652225,
    "latencies": [
        0.33315260405652225
    ],
    "percentiles": {
        "10": 0.33315260405652225,
        "25": 0.33315260405652225,
        "50": 0.33315260405652225,
        "75": 0.33315260405652225,
        "90": 0.33315260405652225,
        "99": 0.33315260405652225
    }
}