{
    "avg_latency": 0.6541205260436982,
    "latencies": [
        0.6541205260436982
    ],
    "percentiles": {
        "10": 0.6541205260436982,
        "25": 0.6541205260436982,
        "50": 0.6541205260436982,
        "75": 0.6541205260436982,
        "90": 0.6541205260436982,
        "99": 0.6541205260436982
    }
}