{
    "avg_latency": 2.4581416649743915,
    "latencies": [
        2.4581416649743915
    ],
    "percentiles": {
        "10": 2.4581416649743915,
        "25": 2.4581416649743915,
        "50": 2.4581416649743915,
        "75": 2.4581416649743915,
        "90": 2.4581416649743915,
        "99": 2.4581416649743915
    }
}