{
    "avg_latency": 9.659939743112773,
    "latencies": [
        9.659939743112773
    ],
    "percentiles": {
        "10": 9.659939743112773,
        "25": 9.659939743112773,
        "50": 9.659939743112773,
        "75": 9.659939743112773,
        "90": 9.659939743112773,
        "99": 9.659939743112773
    }
}