{
    "avg_latency": 9.592712098965421,
    "latencies": [
        9.592712098965421
    ],
    "percentiles": {
        "10": 9.592712098965421,
        "25": 9.592712098965421,
        "50": 9.592712098965421,
        "75": 9.592712098965421,
        "90": 9.592712098965421,
        "99": 9.592712098965421
    }
}