{
    "avg_latency": 1.3646229840815067,
    "latencies": [
        1.3646229840815067
    ],
    "percentiles": {
        "10": 1.3646229840815067,
        "25": 1.3646229840815067,
        "50": 1.3646229840815067,
        "75": 1.3646229840815067,
        "90": 1.3646229840815067,
        "99": 1.3646229840815067
    }
}