{
    "avg_latency": 19.7932528979145,
    "latencies": [
        19.7932528979145
    ],
    "percentiles": {
        "10": 19.7932528979145,
        "25": 19.7932528979145,
        "50": 19.7932528979145,
        "75": 19.7932528979145,
        "90": 19.7932528979145,
        "99": 19.7932528979145
    }
}