{
    "avg_latency": 41.772807060042396,
    "latencies": [
        41.772807060042396
    ],
    "percentiles": {
        "10": 41.772807060042396,
        "25": 41.772807060042396,
        "50": 41.772807060042396,
        "75": 41.772807060042396,
        "90": 41.772807060042396,
        "99": 41.772807060042396
    }
}