{
    "avg_latency": 10.47668594820425,
    "latencies": [
        10.47668594820425
    ],
    "percentiles": {
        "10": 10.47668594820425,
        "25": 10.47668594820425,
        "50": 10.47668594820425,
        "75": 10.47668594820425,
        "90": 10.47668594820425,
        "99": 10.47668594820425
    }
}