{
    "avg_latency": 1.3366959658451378,
    "latencies": [
        1.3366959658451378
    ],
    "percentiles": {
        "10": 1.3366959658451378,
        "25": 1.3366959658451378,
        "50": 1.3366959658451378,
        "75": 1.3366959658451378,
        "90": 1.3366959658451378,
        "99": 1.3366959658451378
    }
}