{
    "avg_latency": 0.6422604031395167,
    "latencies": [
        0.6422604031395167
    ],
    "percentiles": {
        "10": 0.6422604031395167,
        "25": 0.6422604031395167,
        "50": 0.6422604031395167,
        "75": 0.6422604031395167,
        "90": 0.6422604031395167,
        "99": 0.6422604031395167
    }
}