{
    "avg_latency": 0.33256807806901634,
    "latencies": [
        0.33256807806901634
    ],
    "percentiles": {
        "10": 0.33256807806901634,
        "25": 0.33256807806901634,
        "50": 0.33256807806901634,
        "75": 0.33256807806901634,
        "90": 0.33256807806901634,
        "99": 0.33256807806901634
    }
}