{
    "avg_latency": 40.67466554394923,
    "latencies": [
        40.67466554394923
    ],
    "percentiles": {
        "10": 40.67466554394923,
        "25": 40.67466554394923,
        "50": 40.67466554394923,
        "75": 40.67466554394923,
        "90": 40.67466554394923,
        "99": 40.67466554394923
    }
}