{
    "avg_latency": 2.426625177031383,
    "latencies": [
        2.426625177031383
    ],
    "percentiles": {
        "10": 2.426625177031383,
        "25": 2.426625177031383,
        "50": 2.426625177031383,
        "75": 2.426625177031383,
        "90": 2.426625177031383,
        "99": 2.426625177031383
    }
}