{
    "avg_latency": 19.52489262400195,
    "latencies": [
        19.52489262400195
    ],
    "percentiles": {
        "10": 19.52489262400195,
        "25": 19.52489262400195,
        "50": 19.52489262400195,
        "75": 19.52489262400195,
        "90": 19.52489262400195,
        "99": 19.52489262400195
    }
}