{
    "avg_latency": 306.1784722440643,
    "latencies": [
        306.1784722440643
    ],
    "percentiles": {
        "10": 306.1784722440643,
        "25": 306.1784722440643,
        "50": 306.1784722440643,
        "75": 306.1784722440643,
        "90": 306.1784722440643,
        "99": 306.1784722440643
    }
}