{
    "avg_latency": 7.888579567498527,
    "latencies": [
        7.885405904991785,
        7.889002121999511,
        7.886342388999765,
        7.887809091000236,
        7.8944868270045845,
        7.885663452994777,
        7.885545662997174,
        7.89143545999832,
        7.887437129000318,
        7.892667635998805
    ],
    "percentiles": {
        "10": 7.885531687196635,
        "25": 7.885833186996024,
        "50": 7.887623110000277,
        "75": 7.8908271254986175,
        "90": 7.892849555099383,
        "99": 7.8943230998140645
    }
}