{
    "avg_latency": 1.417617196799256,
    "latencies": [
        1.4215822120022494,
        1.4171726659988053,
        1.420594285998959,
        1.4142057319986634,
        1.4163331629970344,
        1.415328621995286,
        1.4175787580024917,
        1.4168662750016665,
        1.4175522000005003,
        1.418958053996903
    ],
    "percentiles": {
        "10": 1.4152163329956238,
        "25": 1.4164664409981924,
        "50": 1.4173624329996528,
        "75": 1.4186132299983,
        "90": 1.4206930785992882,
        "99": 1.4214932986619533
    }
}