{
    "avg_latency": 2.272246322699357,
    "latencies": [
        2.258726000000024,
        2.427451089999522,
        2.2327605439932086,
        2.227128711005207,
        2.247568606995628,
        2.274402087001363,
        2.22332789900247,
        2.401993888997822,
        2.2146445520047564,
        2.2144598479935667
    ],
    "percentiles": {
        "10": 2.2146260816036376,
        "25": 2.2242781020031543,
        "50": 2.2401645754944184,
        "75": 2.270483065251028,
        "90": 2.4045396090979922,
        "99": 2.425159941909369
    }
}