{
    "avg_latency": 11.400394558803237,
    "latencies": [
        11.366519306000555,
        11.383038510000915,
        11.524245036998764,
        11.362437550007598,
        11.371630364999874,
        11.366862246009987,
        11.540329581010155,
        11.363852844006033,
        11.368429720998392,
        11.356600428000093
    ],
    "percentiles": {
        "10": 11.361853837806848,
        "25": 11.364519459504663,
        "50": 11.36764598350419,
        "75": 11.380186473750655,
        "90": 11.525853491399904,
        "99": 11.538881972049131
    }
}