{
    "avg_latency": 7.483699364999484,
    "latencies": [
        7.572850697004469,
        7.461381584987976,
        7.486743613000726,
        7.4556002730096225,
        7.4594056619971525,
        7.529815479007084,
        7.46067482700164,
        7.44423777499469,
        7.447359201993095,
        7.518924536998384
    ],
    "percentiles": {
        "10": 7.447047059293254,
        "25": 7.456551620256505,
        "50": 7.461028205994808,
        "75": 7.510879305998969,
        "90": 7.534119000806823,
        "99": 7.568977527384704
    }
}