{
    "avg_latency": 2.1556625417011674,
    "latencies": [
        2.140677768009482,
        2.2814833209995413,
        2.1310776910104323,
        2.1298131619987544,
        2.1203161459998228,
        2.1209185300103854,
        2.122058926994214,
        2.2709475699957693,
        2.119074935995741,
        2.1202573659975315
    ],
    "percentiles": {
        "10": 2.1201391229973523,
        "25": 2.1204667420024634,
        "50": 2.125936044496484,
        "75": 2.1382777487597195,
        "90": 2.2720011450961466,
        "99": 2.2805351034092016
    }
}