{
    "avg_latency": 11.99085332229879,
    "latencies": [
        11.956901597994147,
        12.01555613700475,
        12.168768764007837,
        11.967917572997976,
        11.993863935000263,
        11.970171673994628,
        12.058614194000256,
        11.952091048995499,
        11.915216052992037,
        11.909432246000506
    ],
    "percentiles": {
        "10": 11.914637672292884,
        "25": 11.95329368624516,
        "50": 11.969044623496302,
        "75": 12.010133086503629,
        "90": 12.069629651001014,
        "99": 12.158854852707154
    }
}