{
    "avg_latency": 3.1979154359025417,
    "latencies": [
        3.297183794013108,
        3.160193233998143,
        3.162759917002404,
        3.300142466003308,
        3.1220581860106904,
        3.1149272000038764,
        3.2912218279961962,
        3.125431086999015,
        3.116637223996804,
        3.2885994230018696
    ],
    "percentiles": {
        "10": 3.1164662215975114,
        "25": 3.1229014112577715,
        "50": 3.1614765755002736,
        "75": 3.2905662267476146,
        "90": 3.297479661212128,
        "99": 3.29987618552419
    }
}