{
    "avg_latency": 3.107335702201817,
    "latencies": [
        3.2076058290112996,
        3.0457466219959315,
        3.0410049210040597,
        3.185007873005816,
        3.0489927739981795,
        3.0316442260082113,
        3.202355349989375,
        3.0646978950098855,
        3.049840380990645,
        3.196461151004769
    ],
    "percentiles": {
        "10": 3.0400688515044747,
        "25": 3.0465581599964935,
        "50": 3.0572691380002652,
        "75": 3.1935978315050306,
        "90": 3.2028803978915676,
        "99": 3.2071332858993262
    }
}