{
    "avg_latency": 0.9487582860034308,
    "latencies": [
        0.9328464100108249,
        0.9401563950086711,
        0.9355255889968248,
        0.9730506880005123,
        0.9650379740050994,
        0.9392332260031253,
        0.9542839089990593,
        0.9510009480000008,
        0.9336816440045368,
        0.9627660770056536
    ],
    "percentiles": {
        "10": 0.9335981206051656,
        "25": 0.9364524982483999,
        "50": 0.9455786715043359,
        "75": 0.9606455350040051,
        "90": 0.9658392454046407,
        "99": 0.9723295437409252
    }
}