{
    "avg_latency": 1.4920727603006525,
    "latencies": [
        1.4827209700015374,
        1.4887822269956814,
        1.5159094560076483,
        1.4829222240077797,
        1.4888104620040394,
        1.5029250560037326,
        1.49352282199834,
        1.4935019529948477,
        1.4871838120016037,
        1.4844486209913157
    ],
    "percentiles": {
        "10": 1.4829020986071555,
        "25": 1.4851324187438877,
        "50": 1.4887963444998604,
        "75": 1.493517604747467,
        "90": 1.504223496004124,
        "99": 1.5147408600072958
    }
}