{
    "avg_latency": 8.45460853480181,
    "latencies": [
        8.362871163990349,
        8.301654328010045,
        8.319943800001056,
        8.365783505010768,
        8.42164935299661,
        8.450152924997383,
        8.46368882599927,
        8.48038138600532,
        8.548820033000084,
        8.831140028007212
    ],
    "percentiles": {
        "10": 8.318114852801955,
        "25": 8.363599249245453,
        "50": 8.435901138996996,
        "75": 8.476208246003807,
        "90": 8.577052032500797,
        "99": 8.80573122845657
    }
}