{
    "avg_latency": 18.309920867302573,
    "latencies": [
        17.99349058700318,
        18.555653464005445,
        18.074418549993425,
        18.281819556999835,
        18.33846404099313,
        18.28354195501015,
        18.282548964009038,
        18.6598833760072,
        18.16968216600071,
        18.459706013003597
    ],
    "percentiles": {
        "10": 18.0663257536944,
        "25": 18.197716513750493,
        "50": 18.283045459509594,
        "75": 18.42939552000098,
        "90": 18.56607645520562,
        "99": 18.650502683927044
    }
}