{
    "avg_latency": 17.365803856299316,
    "latencies": [
        17.14796005099197,
        17.329557542994735,
        17.338279144998523,
        17.33667233400047,
        17.329131498001516,
        17.33082163600193,
        17.360833016995457,
        17.341296210011933,
        17.455787179002073,
        17.687699949994567
    ],
    "percentiles": {
        "10": 17.31101435330056,
        "25": 17.329873566246533,
        "50": 17.337475739499496,
        "75": 17.355948815249576,
        "90": 17.478978456101324,
        "99": 17.666827800605244
    }
}