{
    "avg_latency": 1.014404563397693,
    "latencies": [
        1.0033526699990034,
        1.0021408970060293,
        1.0014513560017804,
        0.9969435129896738,
        1.0012811920023523,
        1.1404865210060962,
        0.9985191319865407,
        1.0027241539937677,
        0.9983034399920143,
        0.9988427589996718
    ],
    "percentiles": {
        "10": 0.9981674472917803,
        "25": 0.9986000387398235,
        "50": 1.0013662740020663,
        "75": 1.002578339746833,
        "90": 1.0170660550997126,
        "99": 1.1281444744154578
    }
}