{
    "avg_latency": 1.0915621416002979,
    "latencies": [
        1.0896205759927398,
        1.0778479779983172,
        1.0702576440089615,
        1.0887728599918773,
        1.0595048120012507,
        1.0552568179991795,
        1.0846809600043343,
        1.225561065992224,
        1.0572727660037344,
        1.1068459360103589
    ],
    "percentiles": {
        "10": 1.057071171203279,
        "25": 1.0621930200031784,
        "50": 1.0812644690013258,
        "75": 1.0894086469925242,
        "90": 1.1187174490085454,
        "99": 1.2148767042938562
    }
}