{
    "avg_latency": 7.048314896097873,
    "latencies": [
        7.06040914899495,
        7.029466801992385,
        7.045719473011559,
        7.042810500002815,
        7.0599398739868775,
        7.055740790005075,
        7.05406540200056,
        7.04592349199811,
        7.043317780990037,
        7.045755697996356
    ],
    "percentiles": {
        "10": 7.041476130201772,
        "25": 7.043918203995418,
        "50": 7.045839594997233,
        "75": 7.055321943003946,
        "90": 7.0599868014876845,
        "99": 7.060366914244224
    }
}