{
    "avg_latency": 0.8973496148988488,
    "latencies": [
        0.8967924559983658,
        0.8986327769962372,
        0.8963690909877187,
        0.8929164480068721,
        0.89422710899089,
        0.9141622559982352,
        0.8944585370045388,
        0.8935231089999434,
        0.8973843140120152,
        0.8950300519936718
    ],
    "percentiles": {
        "10": 0.8934624429006363,
        "25": 0.8942849659943022,
        "50": 0.8956995714906952,
        "75": 0.8972363495086029,
        "90": 0.900185724896437,
        "99": 0.9127646028880554
    }
}