{
    "elapsed_time": 334.97235620900756,
    "num_requests": 1000,
    "total_num_tokens": 1281312,
    "requests_per_second": 2.985320971907441,
    "tokens_per_second": 3825.127585156667
}