{
    "avg_latency": 0.02534320109698456,
    "latencies": [
        0.025732890993822366,
        0.025287836004281417,
        0.02503340299881529,
        0.02625216900196392,
        0.02595062699401751,
        0.024977530993055552,
        0.024710110999876633,
        0.0246116729977075,
        0.02562251698691398,
        0.025253252999391407
    ],
    "percentiles": {
        "10": 0.02470026719965972,
        "25": 0.024991498994495487,
        "50": 0.02527054450183641,
        "75": 0.02570529749209527,
        "90": 0.025980781194812154,
        "99": 0.026225030221248745
    }
}