{
    "avg_latency": 4.565003143399371,
    "latencies": [
        4.545717503002379,
        4.547881239996059,
        4.546559864000301,
        4.54418166600226,
        4.54917881298752,
        4.548839245006093,
        4.567964528003358,
        4.549675526999636,
        4.699236412998289,
        4.550796634997823
    ],
    "percentiles": {
        "10": 4.545563919302367,
        "25": 4.54689020799924,
        "50": 4.549009028996807,
        "75": 4.550516357998276,
        "90": 4.5810917165028515,
        "99": 4.687421943348745
    }
}