{
    "avg_latency": 0.04930588830029592,
    "latencies": [
        0.04918700200505555,
        0.04889996199926827,
        0.05065813200781122,
        0.04896854399703443,
        0.04896364799060393,
        0.04924942599609494,
        0.04958292299124878,
        0.048988234004355036,
        0.049112169013824314,
        0.04944884299766272
    ],
    "percentiles": {
        "10": 0.04895727939147036,
        "25": 0.04897346649886458,
        "50": 0.04914958550943993,
        "75": 0.04939898874727078,
        "90": 0.04969044389290502,
        "99": 0.0505613631963206
    }
}