{
    "avg_latency": 0.1562394183987635,
    "latencies": [
        0.15604167699348181,
        0.15642028300499078,
        0.1562994909909321,
        0.15610151599685196,
        0.1562915700051235,
        0.15598947899707127,
        0.15627641799801495,
        0.15644445999350864,
        0.15621245199872646,
        0.1563168380089337
    ],
    "percentiles": {
        "10": 0.15603645719384077,
        "25": 0.15612924999732058,
        "50": 0.15628399400156923,
        "75": 0.1563125012544333,
        "90": 0.15642270070384257,
        "99": 0.15644228406454203
    }
}