{
    "avg_latency": 0.31736200580344304,
    "latencies": [
        0.3203003300004639,
        0.3185737260064343,
        0.31690388699644245,
        0.3177775540098082,
        0.31606375001138076,
        0.31720005099487025,
        0.3170412019971991,
        0.31650050400639884,
        0.3170902760030003,
        0.3161687780084321
    ],
    "percentiles": {
        "10": 0.31615827520872697,
        "25": 0.31660134975390974,
        "50": 0.3170657390000997,
        "75": 0.31763317825607373,
        "90": 0.31874638640583725,
        "99": 0.3201449356410012
    }
}