{
    "avg_latency": 0.5747692923992872,
    "latencies": [
        0.5750721030053683,
        0.5748640699894167,
        0.5756866230076412,
        0.5747973999968963,
        0.574909329006914,
        0.5740864569961559,
        0.5746036619966617,
        0.5743216889968608,
        0.5747327760036569,
        0.5746188149933005
    ],
    "percentiles": {
        "10": 0.5742981657967903,
        "25": 0.5746074502458214,
        "50": 0.5747650880002766,
        "75": 0.5748980142525397,
        "90": 0.5751335550055956,
        "99": 0.5756313162074366
    }
}