{
    "avg_latency": 0.02322988900123164,
    "latencies": [
        0.023825806012609974,
        0.022643939999397844,
        0.022909453997272067,
        0.02283964099478908,
        0.02395648299716413,
        0.02254496001114603,
        0.02307881800516043,
        0.022837908996734768,
        0.022884216989041306,
        0.024777662009000778
    ],
    "percentiles": {
        "10": 0.022634042000572663,
        "25": 0.022838341996248346,
        "50": 0.022896835493156686,
        "75": 0.023639059010747587,
        "90": 0.024038600898347796,
        "99": 0.02470375589793548
    }
}