{
    "avg_latency": 2.2903514381992864,
    "latencies": [
        2.286987229992519,
        2.285891082006856,
        2.287096775005921,
        2.2895775079960003,
        2.284552598997834,
        2.2928254889993696,
        2.3008831670013024,
        2.2954062209901167,
        2.2889454219985055,
        2.291348889004439
    ],
    "percentiles": {
        "10": 2.2857572337059535,
        "25": 2.2870146162458695,
        "50": 2.289261464997253,
        "75": 2.292456339000637,
        "90": 2.295953915591235,
        "99": 2.3003902418602955
    }
}