{
    "avg_latency": 0.027056167101545726,
    "latencies": [
        0.02960894099669531,
        0.02690237099886872,
        0.029058068001177162,
        0.02674123899487313,
        0.02705140400212258,
        0.029166139007429592,
        0.028393633008818142,
        0.028203146997839212,
        0.023283906004508026,
        0.022152823003125377
    ],
    "percentiles": {
        "10": 0.02317079770436976,
        "25": 0.026781521995872026,
        "50": 0.027627275499980897,
        "75": 0.028891959253087407,
        "90": 0.029210419206356163,
        "99": 0.029569088817661394
    }
}