{
    "avg_latency": 4.586131036195729,
    "latencies": [
        4.585821581000346,
        4.5778253140015295,
        4.592440655993414,
        4.586303800999303,
        4.580717001997982,
        4.582042843991076,
        4.59621620598773,
        4.5860376639902825,
        4.591810653000721,
        4.58209464099491
    ],
    "percentiles": {
        "10": 4.580427833198337,
        "25": 4.582055793242034,
        "50": 4.585929622495314,
        "75": 4.590433940000366,
        "90": 4.592818210992846,
        "99": 4.595876406488242
    }
}