{
    "avg_latency": 0.053979104399331845,
    "latencies": [
        0.05351649200019892,
        0.05369597999379039,
        0.05406390999269206,
        0.05467375299485866,
        0.05428521100839134,
        0.05379038100363687,
        0.05380267099826597,
        0.0538388420100091,
        0.05348863899416756,
        0.054635164997307584
    ],
    "percentiles": {
        "10": 0.053513706699595785,
        "25": 0.05371958024625201,
        "50": 0.053820756504137535,
        "75": 0.05422988575446652,
        "90": 0.05463902379706269,
        "99": 0.05467028007507906
    }
}