{
    "avg_latency": 0.18802201910002622,
    "latencies": [
        0.17773800599388778,
        0.173278903006576,
        0.17096671200124547,
        0.31879710099019576,
        0.1762339359993348,
        0.17515341899706982,
        0.1757926749996841,
        0.17271118400094565,
        0.1697052240051562,
        0.1698430310061667
    ],
    "percentiles": {
        "10": 0.16982925030606566,
        "25": 0.17140283000117051,
        "50": 0.1742161610018229,
        "75": 0.17612362074942212,
        "90": 0.19184391549351854,
        "99": 0.30610178244052805
    }
}