{
    "avg_latency": 0.028182585997274145,
    "latencies": [
        0.02773740100383293,
        0.0315676139871357,
        0.027335607999702916,
        0.026179979991866276,
        0.026208612995105796,
        0.026175261999014765,
        0.028608353997697122,
        0.026747078998596407,
        0.030676177993882447,
        0.030589771005907096
    ],
    "percentiles": {
        "10": 0.026179508192581125,
        "25": 0.02634322949597845,
        "50": 0.027536504501767922,
        "75": 0.030094416753854603,
        "90": 0.030765321593207773,
        "99": 0.03148738474774291
    }
}