{
    "avg_latency": 0.5830385332999868,
    "latencies": [
        0.5816242480068468,
        0.5829051850014366,
        0.5811461929988582,
        0.5809318809915567,
        0.5810920520016225,
        0.5850038649950875,
        0.5874840360047529,
        0.5835602650040528,
        0.5838881660019979,
        0.5827494419936556
    ],
    "percentiles": {
        "10": 0.5810760349006159,
        "25": 0.5812657067508553,
        "50": 0.5828273134975461,
        "75": 0.5838061907525116,
        "90": 0.585251882096054,
        "99": 0.587260820613883
    }
}