{
    "avg_latency": 0.056414699197921435,
    "latencies": [
        0.05602542599081062,
        0.05777128899353556,
        0.05848431499907747,
        0.056039075992885046,
        0.05464984699210618,
        0.0545848699985072,
        0.05518751199997496,
        0.059387497007264756,
        0.0567022379982518,
        0.05531492200680077
    ],
    "percentiles": {
        "10": 0.05464334929274628,
        "25": 0.05521936450168141,
        "50": 0.05603225099184783,
        "75": 0.05750402624471462,
        "90": 0.0585746331998962,
        "99": 0.0593062106265279
    }
}