{
    "avg_latency": 0.0519690968998475,
    "latencies": [
        0.05053032199793961,
        0.050238365001860075,
        0.05234994400234427,
        0.052985606002039276,
        0.05605560999538284,
        0.0505652639985783,
        0.054616256995359436,
        0.050356542007648386,
        0.05052910000085831,
        0.0514639589964645
    ],
    "percentiles": {
        "10": 0.05034472430706956,
        "25": 0.05052940550012863,
        "50": 0.0510146114975214,
        "75": 0.052826690502115525,
        "90": 0.054760192295361776,
        "99": 0.05592606822538073
    }
}