{
    "avg_latency": 0.18058486729860307,
    "latencies": [
        0.1679710089956643,
        0.16789420499117114,
        0.16712676700262818,
        0.29452935300651006,
        0.16752443098812364,
        0.1676306009903783,
        0.16715147299692035,
        0.1695001190091716,
        0.1678724619996501,
        0.16864825300581288
    ],
    "percentiles": {
        "10": 0.16714900239749114,
        "25": 0.1675509734886873,
        "50": 0.16788333349541062,
        "75": 0.16847894200327573,
        "90": 0.1820030424089054,
        "99": 0.28327672194674963
    }
}