{
    "avg_latency": 2.273769970898866,
    "latencies": [
        2.2720682750077685,
        2.2739862259913934,
        2.273647127993172,
        2.275101673993049,
        2.2744345470127882,
        2.2738895209913608,
        2.2725546330038924,
        2.2739158799959114,
        2.273585565999383,
        2.274516258999938
    ],
    "percentiles": {
        "10": 2.27250599720428,
        "25": 2.2736009564978303,
        "50": 2.273902700493636,
        "75": 2.2743224667574395,
        "90": 2.2745748004992494,
        "99": 2.2750489866436694
    }
}