{
    "avg_latency": 0.31477021210157546,
    "latencies": [
        0.3153360319993226,
        0.31513418900431134,
        0.31411333099822514,
        0.3170871519978391,
        0.3147840950114187,
        0.3147747309994884,
        0.3140280840016203,
        0.31441515100596007,
        0.3143477109988453,
        0.31368164499872364
    ],
    "percentiles": {
        "10": 0.3139934401013306,
        "25": 0.3141719259983802,
        "50": 0.3145949410027242,
        "75": 0.3150466655060882,
        "90": 0.31551114399917424,
        "99": 0.3169295511979726
    }
}