{
    "avg_latency": 0.16201906679780223,
    "latencies": [
        0.16266073199221864,
        0.15966075198957697,
        0.16400623599474784,
        0.15980109298834577,
        0.15917746900231577,
        0.15949109800567385,
        0.16470692500297446,
        0.15999223799735773,
        0.16348129999823868,
        0.16721282500657253
    ],
    "percentiles": {
        "10": 0.15945973510533804,
        "25": 0.15969583723926917,
        "50": 0.1613264849947882,
        "75": 0.16387500199562055,
        "90": 0.16495751500333428,
        "99": 0.1669872940062487
    }
}