{
    "elapsed_time": 1235.8274452670012,
    "num_requests": 1000,
    "total_num_tokens": 4320330,
    "requests_per_second": 0.8091744554062315,
    "tokens_per_second": 3495.900674925204
}