{
    "elapsed_time": 39.04010055097751,
    "num_requests": 1000,
    "total_num_tokens": 352330,
    "requests_per_second": 25.614688125462866,
    "tokens_per_second": 9024.823067244331
}