{
    "elapsed_time": 1232.9140658359975,
    "num_requests": 1000,
    "total_num_tokens": 4320330,
    "requests_per_second": 0.8110865369371333,
    "tokens_per_second": 3504.1614981256052
}