{
    "elapsed_time": 208.59691646602005,
    "num_requests": 1000,
    "total_num_tokens": 1248330,
    "requests_per_second": 4.793934718411323,
    "tokens_per_second": 5984.412527034407
}