{
    "elapsed_time": 469.33825275395066,
    "num_requests": 1000,
    "total_num_tokens": 2272330,
    "requests_per_second": 2.13065948520554,
    "tokens_per_second": 4841.561468017104
}