{
    "elapsed_time": 39.173252444015816,
    "num_requests": 1000,
    "total_num_tokens": 352330,
    "requests_per_second": 25.527622487541546,
    "tokens_per_second": 8994.147231035513
}