{
    "elapsed_time": 209.38108551385812,
    "num_requests": 1000,
    "total_num_tokens": 1248330,
    "requests_per_second": 4.775980588436743,
    "tokens_per_second": 5961.999847963239
}