{
    "elapsed_time": 209.40861255885102,
    "num_requests": 1000,
    "total_num_tokens": 1248330,
    "requests_per_second": 4.775352779336932,
    "tokens_per_second": 5961.216135029673
}