{
    "elapsed_time": 334.5417565050011,
    "num_requests": 1000,
    "total_num_tokens": 1281312,
    "requests_per_second": 2.989163476772296,
    "tokens_per_second": 3830.051032750064
}