{
    "elapsed_time": 851.913878737003,
    "num_requests": 1000,
    "total_num_tokens": 2305312,
    "requests_per_second": 1.1738275721984255,
    "tokens_per_second": 2706.0387881198967
}