{
    "elapsed_time": 458.0685451140016,
    "num_requests": 1000,
    "total_num_tokens": 2272330,
    "requests_per_second": 2.183079389900316,
    "tokens_per_second": 4960.676790052185
}