{
    "elapsed_time": 36.75681766300113,
    "num_requests": 1000,
    "total_num_tokens": 352330,
    "requests_per_second": 27.205837272647933,
    "tokens_per_second": 9585.432646272046
}