{
    "elapsed_time": 195.76128434599377,
    "num_requests": 1000,
    "total_num_tokens": 1248330,
    "requests_per_second": 5.108262358110468,
    "tokens_per_second": 6376.79714950004
}