{
    "elapsed_time": 37.36883992700314,
    "num_requests": 1000,
    "total_num_tokens": 352330,
    "requests_per_second": 26.76026341608183,
    "tokens_per_second": 9428.44360938811
}