{
    "elapsed_time": 39.16005858895369,
    "num_requests": 1000,
    "total_num_tokens": 352330,
    "requests_per_second": 25.536223285479995,
    "tokens_per_second": 8997.177550173166
}