{
    "elapsed_time": 39.00397308799438,
    "num_requests": 1000,
    "total_num_tokens": 352330,
    "requests_per_second": 25.638413751951976,
    "tokens_per_second": 9033.18231722524
}