{
    "elapsed_time": 209.04797234782018,
    "num_requests": 1000,
    "total_num_tokens": 1248330,
    "requests_per_second": 4.783591004346937,
    "tokens_per_second": 5971.5001584564125
}