{
    "elapsed_time": 215.54247251199558,
    "num_requests": 1000,
    "total_num_tokens": 1248330,
    "requests_per_second": 4.63945684739395,
    "tokens_per_second": 5791.573166307288
}