{
    "avg_latency": 1.149218039494008,
    "latencies": [
        1.150968860136345,
        1.148124631959945,
        1.1505610048770905,
        1.149013893911615,
        1.1516944919712842,
        1.14720265311189,
        1.1457517170347273,
        1.1498208481352776,
        1.1516883289441466,
        1.147353964857757
    ],
    "percentiles": {
        "10": 1.1470575595041737,
        "25": 1.147546631633304,
        "50": 1.1494173710234463,
        "75": 1.1508668963215314,
        "90": 1.1516889452468604,
        "99": 1.1516939372988417
    }
}