{
    "avg_latency": 1.1385798398405313,
    "latencies": [
        1.1406001581344754,
        1.1410880379844457,
        1.1379007778596133,
        1.139462613966316,
        1.1391288870945573,
        1.1367681310512125,
        1.1375237619504333,
        1.136533483164385,
        1.139461379032582,
        1.137331168167293
    ],
    "percentiles": {
        "10": 1.1367446662625298,
        "25": 1.1373793166130781,
        "50": 1.1385148324770853,
        "75": 1.1394623052328825,
        "90": 1.1406489461194724,
        "99": 1.1410441287979483
    }
}