{
    "avg_latency": 0.0347809205763042,
    "latencies": [
        0.04125327686779201,
        0.03381934203207493,
        0.033755156910046935,
        0.034527420066297054,
        0.03648923709988594,
        0.03352033603005111,
        0.033520896919071674,
        0.032867031870409846,
        0.034851873060688376,
        0.033204634906724095
    ],
    "percentiles": {
        "10": 0.03317087460309267,
        "25": 0.03352047625230625,
        "50": 0.03378724947106093,
        "75": 0.034770759812090546,
        "90": 0.03696564107667655,
        "99": 0.04082451328868046
    }
}