{
    "avg_latency": 0.09291745112277568,
    "latencies": [
        0.0947817659471184,
        0.09197615715675056,
        0.0970316540915519,
        0.08959585288539529,
        0.1033205920830369,
        0.09160814806818962,
        0.0916430891957134,
        0.09096785099245608,
        0.08895582892000675,
        0.08929357188753784
    ],
    "percentiles": {
        "10": 0.08925979759078473,
        "25": 0.08993885241216049,
        "50": 0.09162561863195151,
        "75": 0.09408036374952644,
        "90": 0.0976605478907004,
        "99": 0.10275458766380326
    }
}