{
    "avg_latency": 0.15724290246143938,
    "latencies": [
        0.16219466691836715,
        0.16008971398696303,
        0.15631485590711236,
        0.15500027383677661,
        0.1549945359583944,
        0.15664212498813868,
        0.15505896206013858,
        0.15793040813878179,
        0.15632498101331294,
        0.15787850180640817
    ],
    "percentiles": {
        "10": 0.1549997000489384,
        "25": 0.15537293552188203,
        "50": 0.1564835530007258,
        "75": 0.15791743155568838,
        "90": 0.16030020928010344,
        "99": 0.16200522115454077
    }
}