{
    "avg_latency": 0.035679912124760446,
    "latencies": [
        0.04235237301327288,
        0.03583341394551098,
        0.0385348959825933,
        0.034106205916032195,
        0.03401575214229524,
        0.03379877796396613,
        0.035038738045841455,
        0.033156598918139935,
        0.03326400020159781,
        0.03669836511835456
    ],
    "percentiles": {
        "10": 0.03325326007325202,
        "25": 0.03385302150854841,
        "50": 0.034572471980936825,
        "75": 0.036482127325143665,
        "90": 0.03891664368566126,
        "99": 0.04200880008051172
    }
}