{
    "avg_latency": 0.15776985371485353,
    "latencies": [
        0.16059198207221925,
        0.15964714996516705,
        0.15638478007167578,
        0.15879216394387186,
        0.1569166739936918,
        0.15993094397708774,
        0.1563218659721315,
        0.1561530630569905,
        0.15698949294164777,
        0.15597042115405202
    ],
    "percentiles": {
        "10": 0.15613479886669665,
        "25": 0.15633759449701756,
        "50": 0.15695308346766979,
        "75": 0.15943340345984325,
        "90": 0.1599970477866009,
        "99": 0.1605324886436574
    }
}