{
    "avg_latency": 0.09120329292491078,
    "latencies": [
        0.10226413491182029,
        0.0918664128985256,
        0.08852488407865167,
        0.0910771731287241,
        0.08891870104707778,
        0.09277153201401234,
        0.08831319701857865,
        0.0883674081414938,
        0.09149577817879617,
        0.08843370783142745
    ],
    "percentiles": {
        "10": 0.08836198702920228,
        "25": 0.08845650189323351,
        "50": 0.08999793708790094,
        "75": 0.09177375421859324,
        "90": 0.09372079230379313,
        "99": 0.10140980065101758
    }
}