{
    "avg_latency": 0.5737771717133,
    "latencies": [
        0.57241384498775,
        0.5727084351237863,
        0.5715684520546347,
        0.5750158431474119,
        0.571518681012094,
        0.5817376549821347,
        0.5736323078162968,
        0.5711134860757738,
        0.5721228539478034,
        0.5759401579853147
    ],
    "percentiles": {
        "10": 0.571478161518462,
        "25": 0.5717070525279269,
        "50": 0.5725611400557682,
        "75": 0.5746699593146332,
        "90": 0.5765199076849967,
        "99": 0.5812158802524209
    }
}