{
    "avg_latency": 0.5757122338982299,
    "latencies": [
        0.5792013918980956,
        0.5756997219286859,
        0.5828025320079178,
        0.5731929892208427,
        0.5753349089063704,
        0.5792999321129173,
        0.572972911875695,
        0.5705509351100773,
        0.5711559099145234,
        0.5769111060071737
    ],
    "percentiles": {
        "10": 0.5710954124340788,
        "25": 0.5730279312119819,
        "50": 0.5755173154175282,
        "75": 0.5786288204253651,
        "90": 0.5796501921024173,
        "99": 0.5824872980173678
    }
}