{
    "avg_latency": 0.2924777779262513,
    "latencies": [
        0.29561963002197444,
        0.291679146932438,
        0.2917573619633913,
        0.291679646121338,
        0.293488057795912,
        0.28949265112169087,
        0.29113352205604315,
        0.29129964020103216,
        0.2982608259189874,
        0.29036729712970555
    ],
    "percentiles": {
        "10": 0.2902798325289041,
        "25": 0.2911750515922904,
        "50": 0.291679396526888,
        "75": 0.29305538383778185,
        "90": 0.29588374961167574,
        "99": 0.29802311828825623
    }
}