{
    "avg_latency": 0.29127068326342853,
    "latencies": [
        0.29700248409062624,
        0.29183986387215555,
        0.28976756893098354,
        0.2923392599914223,
        0.2916158090811223,
        0.2907524898182601,
        0.29020656482316554,
        0.29090316593647003,
        0.2892026170156896,
        0.28907700907438993
    ],
    "percentiles": {
        "10": 0.28919005622155963,
        "25": 0.28987731790402904,
        "50": 0.29082782787736505,
        "75": 0.29178385017439723,
        "90": 0.2928055824013427,
        "99": 0.2965827939216979
    }
}