{
    "avg_latency": 0.09118405228946358,
    "latencies": [
        0.09037132188677788,
        0.09005750389769673,
        0.08915995294228196,
        0.09853218402713537,
        0.08756766794249415,
        0.08918439107947052,
        0.09699550899676979,
        0.09026980120688677,
        0.08901740191504359,
        0.09068478900007904
    ],
    "percentiles": {
        "10": 0.08887242851778865,
        "25": 0.0891660624765791,
        "50": 0.09016365255229175,
        "75": 0.09060642222175375,
        "90": 0.09714917649980634,
        "99": 0.09839388327440247
    }
}