{
    "avg_latency": 0.03878034760709852,
    "latencies": [
        0.038303480949252844,
        0.04487357288599014,
        0.04005298111587763,
        0.03934052889235318,
        0.04505350207909942,
        0.03685625200159848,
        0.03849615901708603,
        0.03503204905427992,
        0.034687787061557174,
        0.035107163013890386
    ],
    "percentiles": {
        "10": 0.03499762285500765,
        "25": 0.03554443526081741,
        "50": 0.038399819983169436,
        "75": 0.039874868059996516,
        "90": 0.04489156580530107,
        "99": 0.04503730845171958
    }
}