{
    "avg_latency": 0.29898654273711145,
    "latencies": [
        0.3002300129737705,
        0.3112841530237347,
        0.3033359539695084,
        0.29641169402748346,
        0.3001017440110445,
        0.2970638480037451,
        0.29401347204111516,
        0.2956515890546143,
        0.2941844090819359,
        0.2975885511841625
    ],
    "percentiles": {
        "10": 0.2941673153778538,
        "25": 0.2958416152978316,
        "50": 0.2973261995939538,
        "75": 0.300197945733089,
        "90": 0.30413077387493104,
        "99": 0.3105688151088543
    }
}