{
    "avg_latency": 1.1702656869776547,
    "latencies": [
        1.1780195161700249,
        1.169724757084623,
        1.1710521730128676,
        1.1710649239830673,
        1.1695219909306616,
        1.167906119953841,
        1.1692336739506572,
        1.1679314519278705,
        1.1685092658735812,
        1.1696929968893528
    ],
    "percentiles": {
        "10": 1.1679289187304676,
        "25": 1.1686903678928502,
        "50": 1.1696074939100072,
        "75": 1.1707203190308064,
        "90": 1.1717603832017631,
        "99": 1.1773936028731986
    }
}