{
    "avg_latency": 0.1626122780609876,
    "latencies": [
        0.16577308299019933,
        0.15958599699661136,
        0.16549016209319234,
        0.16112140007317066,
        0.16361556318588555,
        0.16008247807621956,
        0.16101188608445227,
        0.16566954902373254,
        0.16182772303000093,
        0.16194493905641139
    ],
    "percentiles": {
        "10": 0.16003282996825874,
        "25": 0.16103926458163187,
        "50": 0.16188633104320616,
        "75": 0.16502151236636564,
        "90": 0.16567990242037922,
        "99": 0.16576376493321732
    }
}