{
    "avg_latency": 0.5848572497721761,
    "latencies": [
        0.5918421559035778,
        0.583607979118824,
        0.5839737460482866,
        0.5834786088671535,
        0.5840803959872574,
        0.5902353308629245,
        0.5852141629438847,
        0.5818037979770452,
        0.5810468099080026,
        0.5832895101048052
    ],
    "percentiles": {
        "10": 0.5817280991701409,
        "25": 0.5833367847953923,
        "50": 0.5837908625835553,
        "75": 0.5849307212047279,
        "90": 0.5903960133669898,
        "99": 0.5916975416499191
    }
}