{
    "avg_latency": 0.09163400395773351,
    "latencies": [
        0.09037476708181202,
        0.09426279994659126,
        0.08898835792206228,
        0.08836718089878559,
        0.09281144407577813,
        0.09593204199336469,
        0.0918370708823204,
        0.09101844788528979,
        0.09122952399775386,
        0.0915184048935771
    ],
    "percentiles": {
        "10": 0.08892624021973461,
        "25": 0.09053568728268147,
        "50": 0.09137396444566548,
        "75": 0.0925678507774137,
        "90": 0.0944297241512686,
        "99": 0.09578181020915508
    }
}