{
    "avg_latency": 0.0360368818975985,
    "latencies": [
        0.045847102999687195,
        0.03681534482166171,
        0.03574610990472138,
        0.03560218494385481,
        0.0357826252002269,
        0.03440807294100523,
        0.034278801176697016,
        0.03374828910455108,
        0.0341069339774549,
        0.03403335390612483
    ],
    "percentiles": {
        "10": 0.034004847425967454,
        "25": 0.03414990077726543,
        "50": 0.03500512894243002,
        "75": 0.03577349637635052,
        "90": 0.03771852063946426,
        "99": 0.0450342447636649
    }
}