{
    "avg_latency": 0.16167118763551117,
    "latencies": [
        0.1674408079124987,
        0.16316091897897422,
        0.16075996402651072,
        0.16171414800919592,
        0.1618117850739509,
        0.16009504115208983,
        0.15936547215096653,
        0.16027200501412153,
        0.1626508180052042,
        0.15944091603159904
    ],
    "percentiles": {
        "10": 0.1594333716435358,
        "25": 0.16013928211759776,
        "50": 0.16123705601785332,
        "75": 0.16244105977239087,
        "90": 0.16358890787232666,
        "99": 0.1670556179084815
    }
}