{
    "avg_latency": 0.5838029033504426,
    "latencies": [
        0.5879359731916338,
        0.5880760629661381,
        0.581017361022532,
        0.5828811142127961,
        0.5833758141379803,
        0.5820848459843546,
        0.5819312578532845,
        0.5830529229715466,
        0.5833425461314619,
        0.5843311350326985
    ],
    "percentiles": {
        "10": 0.5818398681702093,
        "25": 0.582283913041465,
        "50": 0.5831977345515043,
        "75": 0.584092304809019,
        "90": 0.5879499821690842,
        "99": 0.5880634548864327
    }
}