{
    "avg_latency": 0.2981012624222785,
    "latencies": [
        0.29905388597398996,
        0.29846514691598713,
        0.2983535199891776,
        0.2967785589862615,
        0.29618661501444876,
        0.2979173301719129,
        0.2999859000556171,
        0.2999137509614229,
        0.29482966009527445,
        0.29952825605869293
    ],
    "percentiles": {
        "10": 0.2960509195225313,
        "25": 0.29706325178267434,
        "50": 0.29840933345258236,
        "75": 0.2994096635375172,
        "90": 0.2999209658708423,
        "99": 0.2999794066371396
    }
}