{
    "avg_latency": 1.1644393176771701,
    "latencies": [
        1.164496375946328,
        1.1646244279108942,
        1.1625022608786821,
        1.1648883770685643,
        1.1614164940547198,
        1.1643084560055286,
        1.1658169811125845,
        1.1682571389246732,
        1.1644350688438863,
        1.1636475960258394
    ],
    "percentiles": {
        "10": 1.1623936841962859,
        "25": 1.1638128110207617,
        "50": 1.1644657223951072,
        "75": 1.1648223897791468,
        "90": 1.1660609968937934,
        "99": 1.1680375247215853
    }
}