{
    "avg_latency": 0.167817822820507,
    "latencies": [
        0.16754159703850746,
        0.16673206421546638,
        0.1690303748473525,
        0.16762430989183486,
        0.16790129500441253,
        0.169597954954952,
        0.1676383011508733,
        0.16766744386404753,
        0.16835472406819463,
        0.1660901631694287
    ],
    "percentiles": {
        "10": 0.16666787411086262,
        "25": 0.1675622752518393,
        "50": 0.16765287250746042,
        "75": 0.1682413668022491,
        "90": 0.16908713285811244,
        "99": 0.16954687274526806
    }
}