{
    "avg_latency": 0.16866671938914807,
    "latencies": [
        0.16913580615073442,
        0.16740964190103114,
        0.1689365180209279,
        0.16669803694821894,
        0.17150949104689062,
        0.16836465103551745,
        0.16749479994177818,
        0.17059366987086833,
        0.16972254705615342,
        0.16680203191936016
    ],
    "percentiles": {
        "10": 0.16679163242224604,
        "25": 0.1674309314112179,
        "50": 0.16865058452822268,
        "75": 0.16957586182979867,
        "90": 0.17068525198847057,
        "99": 0.1714270671410486
    }
}