{
    "avg_latency": 0.1710860515711829,
    "latencies": [
        0.169149813009426,
        0.1690902658738196,
        0.17163245100528002,
        0.17277131718583405,
        0.17209584591910243,
        0.17202441999688745,
        0.1706122129689902,
        0.1724953840021044,
        0.17045046295970678,
        0.17053834279067814
    ],
    "percentiles": {
        "10": 0.16914385829586537,
        "25": 0.17047243291744962,
        "50": 0.1711223319871351,
        "75": 0.17207798943854868,
        "90": 0.17252297732047736,
        "99": 0.1727464831992984
    }
}