{
    "avg_latency": 0.1734140021726489,
    "latencies": [
        0.18501244601793587,
        0.1720887639094144,
        0.1759325738530606,
        0.1711725799832493,
        0.17265966604463756,
        0.17266370682045817,
        0.17211863584816456,
        0.17085640504956245,
        0.17070141597650945,
        0.17093382822349668
    ],
    "percentiles": {
        "10": 0.17084090614225717,
        "25": 0.17099351616343483,
        "50": 0.17210369987878948,
        "75": 0.17266269662650302,
        "90": 0.17684056106954812,
        "99": 0.1841952575230971
    }
}