{
    "avg_latency": 0.3231253354344517,
    "latencies": [
        0.32645830791443586,
        0.3230777280405164,
        0.3233599900268018,
        0.3212935230694711,
        0.3221751251257956,
        0.325786171015352,
        0.32486383500508964,
        0.3216033480130136,
        0.32199598499573767,
        0.3206393411383033
    ],
    "percentiles": {
        "10": 0.32122810487635434,
        "25": 0.3217015072586946,
        "50": 0.322626426583156,
        "75": 0.3244878737605177,
        "90": 0.3258533847052604,
        "99": 0.3263978155935183
    }
}