{
    "avg_latency": 0.32735051766503603,
    "latencies": [
        0.3301839898340404,
        0.3268883430864662,
        0.32785672787576914,
        0.3316084900870919,
        0.32533800695091486,
        0.32522793603129685,
        0.32550948089919984,
        0.32580469688400626,
        0.32880466198548675,
        0.326282843016088
    ],
    "percentiles": {
        "10": 0.3253269998589531,
        "25": 0.32558328489540145,
        "50": 0.3265855930512771,
        "75": 0.32856767845805734,
        "90": 0.33032643985934557,
        "99": 0.33148028506431726
    }
}